Broker_Id__c,Email__c,Is_Commercial_Certified__c,Mobile_Phone__c,Phone__c,Picture__c,Title__c,id
22533,starkandre@example.com,true,(888)217-1726,217.316.4824x867,http://www.smith-osborne.biz/,Let station some.,1
22166,brent50@example.net,false,(798)765-8577x92501,(633)410-8501,https://king.com/,Art idea lot keep.,2
76753,qbrewer@example.net,false,371.484.4662x45221,4750583159,http://russo.com/,Heavy least place.,3
24307,susan15@example.com,true,246-485-3767,064.358.5866,https://www.perkins-hess.com/,Bar occur forget.,4
39877,geraldjohnston@example.com,true,001-111-472-4470x00161,006-462-3709x5856,http://levy.com/,Financial remember.,5
90856,fjennings@example.com,true,725-120-0912x595,4092114341,http://www.andrade.com/,Their market.,6
16439,troy53@example.net,false,(988)841-4698,(029)904-2887,http://french.info/,Team whom station.,7
38365,hmorrow@example.org,true,(751)876-3856x603,(420)110-0665,https://www.oliver.com/,Sense put place.,8
1169,linpaula@example.org,true,4141823309,001-485-939-1034,https://parsons.info/,Pressure tend.,9
98036,fperkins@example.net,false,001-977-712-7441x983,001-572-946-9528,https://aguirre.com/,Wonder trip bag.,10
